Name,Time
PRADEEP,14:37
ELONMUSK,14:37
ELONMUSK,14:37
ELONMUSK,14:38
ELONMUSK,14:38
PRADEEP,14:38
PRADEEP,14:39
ELONMUSK,14:39
ELONMUSK,14:39
PRADEEP,14:40
ELONMUSK,14:40
ELONMUSK,14:40
PRADEEP,14:41
PRADEEP,14:42
RITESH,14:42
RITESH,14:42
RITESH,14:42
RITESH,14:42
RITESH,14:42
RITESH,14:42
RITESH,14:42
RITESH,14:42
RITESH,14:42
RITESH,14:42
RITESH,14:42
RITESH,14:42
RITESH,14:42
RITESH,14:42
RITESH,14:42
PRADEEP,14:43
PRADEEP,14:50
RITESH,14:50
RITESH,14:50
RITESH,14:50
RITESH,14:50
RITESH,14:50
RITESH,14:50
RITESH,14:50
RITESH,14:50
RITESH,14:50
RITESH,14:50
RITESH,14:50
RITESH,14:50
RITESH,14:50
RITESH,14:50
RITESH,14:50
PRADEEP,14:52
RITESH,14:52
RITESH,14:52
RITESH,14:52
RITESH,14:52
RITESH,14:52
RITESH,14:52
RITESH,14:52
RITESH,14:52
RITESH,14:52
RITESH,14:52
RITESH,14:52
RITESH,14:52
RITESH,14:52
RITESH,14:52
RITESH,14:52
PRADEEP,14:53
PRADEEP,14:55
PRADEEP,14:56
PRADEEP,15:43
PRADEEP,15:45
PRADEEP,15:55
PRADEEP,15:56
PRADEEP,16:03
PRADEEP,16:05
PRADEEP,16:07
PRADEEP,16:08
PRADEEP,16:09
PRADEEP,16:10
PRADEEP,16:11
PRADEEP,16:12
PRADEEP,16:14
PRADEEP,16:15
PRADEEP,16:16
PRADEEP,16:17
PRADEEP,16:18
PRADEEP,16:19
PRADEEP,16:21
PRADEEP,16:23
PRADEEP,16:25
PRADEEP,16:26
PRADEEP,16:27
PRADEEP,16:28
PRADEEP,16:29
PRADEEP,16:33
PRADEEP,16:34
PRADEEP,16:36
PRADEEP,16:37
PRADEEP,16:38
PRADEEP,16:39
PRADEEP,16:40
PRADEEP,16:41
PRADEEP,16:42
PRADEEP,16:43
PRADEEP,16:44
PRADEEP,16:45
PRADEEP,16:46
PRADEEP,16:47
PRADEEP,16:53
PRADEEP,16:54
PRADEEP,16:58
PRADEEP,16:59
ELONMUSK,17:03
ELONMUSK,17:03
RITESH,20:00
RITESH,20:00
RITESH,20:01
RITESH,20:01
RITESH,20:01
RITESH,20:01
RITESH,20:01
RITESH,20:01
RITESH,20:01
RITESH,20:02
RITESH,20:02
RITESH,20:02
RITESH,20:02
RITESH,20:02
RITESH,20:02
PRADEEP,16:55
PRADEEP,16:56
PRADEEP,16:57
RITESH,16:59
RITESH,16:59
RITESH,16:59
RITESH,16:59
RITESH,16:59
RITESH,16:59
RITESH,16:59
RITESH,16:59
RITESH,16:59
RITESH,16:59
RITESH,16:59
RITESH,16:59
RITESH,16:59
RITESH,16:59
RITESH,17:00
PRADEEP,17:00
ELONMUSK,17:00
ELONMUSK,17:00
PRADEEP,17:22
PRADEEP,19:18
PRADEEP,19:19
PRADEEP,19:40
PRADEEP,19:41
PRADEEP,19:42
PRADEEP,19:46
PRADEEP,19:49
PRADEEP,08:41
PRADEEP,08:42
PRADEEP,21:58
PRADEEP,21:59
PRADEEP,12:31
PRADEEP,12:32